,count,key
55932,95562,reddit
7786,70541,amp
41191,70265,money
20573,67945,tesla
36635,62784,car
16949,61081,data
23635,59663,companies
50564,59443,autotldr
377,53894,service
60255,52062,solar
11900,50869,vpn
53270,49354,business
152,47760,music
58109,43851,google
12337,43497,news
54424,41532,facebook
35284,41279,government
24526,41110,shit
43743,39863,rand
8997,38072,fuck
51179,37174,paul
36322,36780,post
52668,36037,aol
62980,34465,verizon
47551,34256,hola
23678,34217,net
8920,33836,bot
13835,32719,version
51653,32565,law
17713,32270,content
4314,31585,john
62427,31546,apple
42324,31263,nsa
61376,31184,far
17891,31122,information
13795,30823,list
8589,30804,yes
25828,30721,different
222,30686,wrong
54952,30654,computer
484,30630,tech
49234,30449,power
30407,29509,fucking
27240,29426,comment
25922,29350,idea
26510,29056,neutrality
4882,29005,update
14144,28939,store
60980,28823,come
36801,28705,cars
14665,28623,users
5105,28554,product
14833,28437,app
7182,28061,times
20449,27931,security
4057,27887,comcast
49096,27721,surveillance
40858,27541,little
16623,27501,paypal
6954,27474,patents
35363,27423,software
62252,26940,called
21870,26874,feel
42617,26798,account
21393,26743,real
4489,26734,away
50374,26668,ago
37793,26649,reason
22191,26551,won
21560,26454,sales
4964,26099,cost
10238,25850,services
16142,25653,person
26267,25507,understand
3055,25505,makes
54831,25363,able
5759,25357,start
8992,25117,making
29285,25114,paying
35202,25093,site
51749,25025,network
40689,24756,man
23747,24609,tell
34560,24552,try
6887,24377,end
61808,24364,windows
2015,24221,small
14160,24188,kind
3468,24091,stuff
33534,23990,cable
50257,23750,netflix
36927,23652,price
13413,23618,case
46607,23491,instead
48215,23323,old
5877,23286,month
51505,23116,told
11801,23082,direct
45654,22738,wouldn
12096,22660,days
